id,nomLatin,famille,type,rendement_actuel,rendement_AI,besoinN_actuel,besoinN_AI,besoinP_actuel,besoinP_AI,besoinK_actuel,besoinK_AI,besoinEau_actuel,besoinEau_AI,densite_actuel,densite_AI,doseSemis_actuel,doseSemis_AI,tauxGermination_actuel,tauxGermination_AI,temperatureGerm_actuel,temperatureGerm_AI,joursLevee_actuel,joursLevee_AI,prixKg_actuel,prixKg_AI,niveau,conservation,description_actuelle,description_AI,sources_AI
Abricotier,,Rosaceae,legume,,3.0,,3,,3,,4,,3,,0.05,,0.05,,85.0,,NON_TROUVE,,NON_TROUVE,,4.5,,False,,Arbre fruitier exigeant en chaleur,"RNM FranceAgriMer 2026, ITAB, Guides Bio"
Absinthe,,Asteraceae,aromatique,,1.5,,2,,1,,1,,1,,4.0,,4.0,,85.0,,20,,15,,25.0,,False,,Plante aromatique rustique,"RNM FranceAgriMer 2026, ITAB, Guides Bio"
Achillée millefeuille,,Asteraceae,aromatique,,1.0,,1,,1,,1,,1,,6.0,,NON_TROUVE,,85.0,,18,,10,,30.0,,False,,Médicinale et aromatique,"RNM FranceAgriMer 2026, ITAB, Guides Bio"
Actinidia,,Actinidiaceae,legume,,4.0,,4,,3,,4,,5,,0.1,,0.1,,85.0,,NON_TROUVE,,NON_TROUVE,,6.9,,False,,"Kiwi, liane vigoureuse","RNM FranceAgriMer 2026, ITAB, Guides Bio"
Ail,Allium sativum,Alliacées,legume,1.5,1.5,2.0,2,2.0,2,3.0,3,1.0,1,28.0,25.0,,25,,85.0,,10,,10,,16.6,Facile,False,,"Bulbe, plantation automne/printemps","RNM FranceAgriMer 2026, ITAB, Guides Bio"
Albizia,,Fabaceae,arbre_fruitier,,NON_TROUVE,,1,,1,,1,,2,,0.01,,0.01,,85.0,,25,,20,,NON_TROUVE,,False,,Arbre ornemental,"RNM FranceAgriMer 2026, ITAB, Guides Bio"
Amandier,,Rosaceae,legume,,2.0,,2,,3,,3,,2,,0.04,,0.04,,85.0,,NON_TROUVE,,NON_TROUVE,,12.0,,False,,Arbre fruitier sec,"RNM FranceAgriMer 2026, ITAB, Guides Bio"
Amarante,,Amaranthaceae,legume,,2.0,,3,,2,,3,,3,6.25,10.0,,10,,85.0,,20,,10,,15.0,Facile,False,,Feuille ou grain,"RNM FranceAgriMer 2026, ITAB, Guides Bio"
Aneth,,Apiaceae,aromatique,,1.5,,2,,1,,2,,3,5.0,30.0,,30,,85.0,,18,,15,,30.0,Difficile,False,,Aromatique annuelle,"RNM FranceAgriMer 2026, ITAB, Guides Bio"
Argousier,,,petit_fruit,,2.0,,1,,1,,1,,2,,0.2,,0.2,,85.0,,NON_TROUVE,,NON_TROUVE,,15.0,,False,,Baies riches en vit C,"RNM FranceAgriMer 2026, ITAB, Guides Bio"
Artichaut,,Asteraceae,legume,,1.2,,4,,3,,4,,4,,1.0,,1,,85.0,,22,,12,,6.0,,False,,Vivace gourmande,"RNM FranceAgriMer 2026, ITAB, Guides Bio"
Asperge,,Asparagaceae,legume,,0.5,,3,,3,,3,,2,,4.0,,4,,85.0,,20,,25,,12.0,,False,,"Culture pérenne, récolte printemps","RNM FranceAgriMer 2026, ITAB, Guides Bio"
Aubergine,Solanum melongena,Solanacées,legume,4.0,5.0,4.0,4,3.0,4,4.0,5,4.0,4,2.4,2.5,0.04,2.5,6.0,85.0,24-30,25,6.0,9,,5.0,Difficile,False,,Exigeante en chaleur,"RNM FranceAgriMer 2026, ITAB, Guides Bio"
Bambou,,Poaceae,legume,,0,,4,,2,,3,,4,,0.5,,NON_TROUVE,,85.0,,20,,30,,0,,False,,Tiges et tuteurs,"RNM FranceAgriMer 2026, ITAB, Guides Bio"
Basilic,Ocimum basilicum,,aromatique,0.5,1.5,2.0,4,2.0,2,2.0,3,3.0,4,3.0,25.0,,25,,85.0,,22,10.0,8,,40.0,Facile,False,,Aromatique frileuse,"RNM FranceAgriMer 2026, ITAB, Guides Bio"
Betterave,Beta vulgaris,Chénopodiacées,legume,4.0,4.0,3.0,3,2.0,3,3.0,4,2.0,3,22.0,25.0,1.0,25,6.0,85.0,10-30,15,10.0,8,,3.41,Facile,False,,Racine rustique,"RNM FranceAgriMer 2026, ITAB, Guides Bio"
Blette,Beta vulgaris var. cicla,Chénopodiacées,legume,3.0,3.5,3.0,3,2.0,2,3.0,3,3.0,3,6.0,8.0,1.0,8,5.0,85.0,10-30,15,15.0,10,,3.87,Facile,False,,Feuille et carde,"RNM FranceAgriMer 2026, ITAB, Guides Bio"
Bourrache,,Boraginaceae,aromatique,,1.0,,1,,1,,1,,1,6.0,5.0,,5,,85.0,,18,,10,,20.0,Facile,False,,Fleurs comestibles,"RNM FranceAgriMer 2026, ITAB, Guides Bio"
Brocoli,,Brassicacées,legume,1.5,2.0,4.0,4,,3,,4,4.0,4,,4.0,,4,,85.0,,20,,6,,5.36,,,,Chou à inflorescence,"RNM FranceAgriMer 2026, ITAB, Guides Bio"
Camomille,,Asteraceae,aromatique,,0.8,,1,,1,,1,,2,,9.0,,9,,85.0,,18,,12,,40.0,,False,,Fleurs séchées,"RNM FranceAgriMer 2026, ITAB, Guides Bio"
Capucine,,Tropaeolaceae,legume,,0.5,4.0,1,4.0,1,6.0,1,,2,6.0,10.0,,NON_TROUVE,,85.0,,18,,12,,40.0,Facile,False,,"Fleur comestible, attire pucerons","RNM FranceAgriMer 2026, ITAB, Guides Bio"
Carotte,Daucus carota,Apiacées,legume,4.0,4.5,2.0,2,2.0,3,3.0,4,2.0,3,80.0,100.0,0.35,100,4.5,85.0,7-30,15,15.0,15,,2.5,Moyen,False,,"Racine, semis direct","RNM FranceAgriMer 2026, ITAB, Guides Bio"
Cerisier,,Rosaceae,legume,,5.0,,2,,2,,3,,3,,0.03,,0.03,,85.0,,NON_TROUVE,,NON_TROUVE,,8.0,,False,,Arbre fruitier,"RNM FranceAgriMer 2026, ITAB, Guides Bio"
Chayote,,Cucurbitaceae,legume,,6.0,,3,,3,,4,,4,,0.5,,NON_TROUVE,,85.0,,20,,20,,5.0,,False,,"Christophine, grimpante","RNM FranceAgriMer 2026, ITAB, Guides Bio"
Chicorée frisée,,Asteraceae,legume,,2.5,,3,,2,,3,,3,10.0,9.0,0.27,NON_TROUVE,9.0,85.0,25,20,4.0,5,,4.0,Facile,False,,Salade amère,"RNM FranceAgriMer 2026, ITAB, Guides Bio"
Chicorée sauvage,,Asteraceae,legume,,2.5,,3,,2,,3,,3,12.0,9.0,0.27,NON_TROUVE,8.0,85.0,10,20,9.0,5,,4.0,Facile,False,,Salade amère,"RNM FranceAgriMer 2026, ITAB, Guides Bio"
Chou,Brassica oleracea,Brassicacées,legume,5.0,3.5,4.0,4,3.0,3,4.0,4,3.0,4,,4.0,,4,,85.0,,20,,6,,3.0,Moyen,,,Famille brassicacées,"RNM FranceAgriMer 2026, ITAB, Guides Bio"
Chou brocoli,,Brassicaceae,legume,1.5,2.0,15.0,4,6.0,3,19.0,4,,4,3.3,4.0,0.03,4,4.5,85.0,7-30,20,8.0,6,,5.36,Moyen,False,,Inflorescence verte,"RNM FranceAgriMer 2026, ITAB, Guides Bio"
Chou de Bruxelles,,Brassicaceae,legume,1.0,1.5,13.0,4,6.0,3,16.0,4,,3,2.5,3.0,0.04,3,5.5,85.0,7-20,18,8.0,8,,11.83,Moyen,False,,Petites pommes,"RNM FranceAgriMer 2026, ITAB, Guides Bio"
Chou de Chine,,Brassicaceae,legume,2.0,3.5,12.0,4,7.0,3,18.0,4,,4,4.0,4.0,0.03,4,2.5,85.0,7-30,20,5.0,6,,3.0,Difficile,False,,Famille brassicacées,"RNM FranceAgriMer 2026, ITAB, Guides Bio"
Chou frisé,,Brassicaceae,legume,2.0,3.0,14.0,3,6.0,2,18.0,3,,3,3.0,4.0,0.03,4,5.5,85.0,7-20,18,10.0,6,,2.93,Facile,False,,"Kale, résistant","RNM FranceAgriMer 2026, ITAB, Guides Bio"
Chou kale,,Brassicacées,legume,2.0,3.0,3.0,3,,2,,3,3.0,3,,4.0,,4,,85.0,,18,,6,,5.0,,,,Kale superfood,"RNM FranceAgriMer 2026, ITAB, Guides Bio"
Chou pommé,,Brassicaceae,legume,2.0,5.0,14.0,4,8.0,3,21.0,4,3.0,4,3.0,5.0,0.03,4,5.0,85.0,7-30,20,6.0,6,,2.5,Moyen,False,,Chou cabus/milan,"RNM FranceAgriMer 2026, ITAB, Guides Bio"
Chou-fleur,,Brassicaceae,legume,1.5,3.5,19.0,4,8.0,3,26.0,4,4.0,4,2.2,4.0,0.03,4,5.5,85.0,7-30,20,9.0,6,,3.0,Difficile,False,,Famille brassicacées,"RNM FranceAgriMer 2026, ITAB, Guides Bio"
Chou-rave,,Brassicaceae,legume,3.5,3.5,12.0,4,6.0,3,17.0,4,,4,16.0,4.0,0.06,4,5.0,85.0,7-30,20,9.0,6,,3.0,Facile,False,,Famille brassicacées,"RNM FranceAgriMer 2026, ITAB, Guides Bio"
Châtaignier,,Fabaceae,legume,,4.0,,1,,1,,2,,2,,0.01,,NON_TROUVE,,85.0,,NON_TROUVE,,NON_TROUVE,,9.0,,False,,Arbre à noix,"RNM FranceAgriMer 2026, ITAB, Guides Bio"
Chénopode,,Amaranthaceae,legume,,2.0,,3,,2,,3,,3,4.0,20.0,,NON_TROUVE,,85.0,,15,,10,,15.0,Moyen,False,,Epinard sauvage,"RNM FranceAgriMer 2026, ITAB, Guides Bio"
Chénopode vivace,,Amaranthaceae,legume,,2.0,,3,,2,,3,,3,,20.0,,NON_TROUVE,,85.0,,15,,10,,15.0,,False,,Epinard sauvage,"RNM FranceAgriMer 2026, ITAB, Guides Bio"
Ciboulette,,Alliaceae,aromatique,,1.5,,2,,2,,2,,3,,20.0,,20,,85.0,,18,,12,,40.0,,False,,Vivace aromatique,"RNM FranceAgriMer 2026, ITAB, Guides Bio"
Citronnier,,Rutaceae,legume,,4.0,,4,,3,,4,,4,,0.1,,NON_TROUVE,,85.0,,NON_TROUVE,,NON_TROUVE,,6.0,,False,,Agrume,"RNM FranceAgriMer 2026, ITAB, Guides Bio"
Cognassier,,Rosaceae,legume,,4.0,,2,,2,,3,,2,,0.1,,0.1,,85.0,,NON_TROUVE,,NON_TROUVE,,5.0,,False,,Fruit à cuire,"RNM FranceAgriMer 2026, ITAB, Guides Bio"
Concombre,Cucumis sativus,Cucurbitacées,legume,5.0,8.0,3.0,4,2.0,3,3.0,4,4.0,5,1.4,2.0,0.125,2,10.0,85.0,16-35,22,9.0,5,,3.5,Moyen,False,,Grimpante serre/champ,"RNM FranceAgriMer 2026, ITAB, Guides Bio"
Coriandre,,Apiaceae,aromatique,,1.5,7.0,2,3.0,2,9.0,2,3.0,2,25.0,40.0,,40,,85.0,,15,,15,,25.0,Moyen,False,,Graine ou feuille,"RNM FranceAgriMer 2026, ITAB, Guides Bio"
Cosmos,,Asteraceae,legume,,0,,1,,1,,1,,2,8.5,10.0,,NON_TROUVE,,85.0,,18,,10,,0,Facile,False,,Fleur décorative,"RNM FranceAgriMer 2026, ITAB, Guides Bio"
Courge,Cucurbita maxima,Cucurbitacées,legume,5.0,5.0,4.0,4,3.0,4,4.0,5,3.0,4,0.75,1.0,0.4,1,5.0,85.0,21-35,20,8.0,7,,2.6,Facile,False,,Coureuse ou buissonnante,"RNM FranceAgriMer 2026, ITAB, Guides Bio"
Courge butternut,,Cucurbitacées,legume,3.0,4.0,3.0,4,,4,,5,3.0,4,,1.0,,1,,85.0,,20,,7,,2.61,,,,Musquée,"RNM FranceAgriMer 2026, ITAB, Guides Bio"
Courgette,Cucurbita pepo,Cucurbitacées,legume,6.0,6.0,4.0,4,3.0,3,3.0,4,4.0,4,0.8,1.5,0.5,1.5,5.0,85.0,21-35,22,8.0,6,,2.5,Facile,False,,"Non coureuse, productive","RNM FranceAgriMer 2026, ITAB, Guides Bio"
Céleri,Apium graveolens,Apiacées,legume,3.0,4.0,3.0,4,2.0,4,3.0,5,4.0,5,5.0,6.0,0.02,NON_TROUVE,7.0,85.0,16-21,18,15.0,18,,3.8,Difficile,False,,Exigeant en eau,"RNM FranceAgriMer 2026, ITAB, Guides Bio"
Echalote,,Alliaceae,legume,1.4,2.0,8.0,2,8.0,2,14.0,3,,1,24.0,20.0,16.0,20,,85.0,,10,,15,,6.5,Moyen,False,,Bulbe condimentaire,"RNM FranceAgriMer 2026, ITAB, Guides Bio"
Epinard,,Amaranthaceae,legume,2.0,2.0,9.0,4,4.0,2,14.0,3,,4,50.0,40.0,0.75,40,4.5,85.0,7-24,12,10.0,10,,5.81,Moyen,False,,"Feuille, jours courts","RNM FranceAgriMer 2026, ITAB, Guides Bio"
Feijoa,,Myrtaceae,legume,,3.0,,2,,2,,2,,3,,0.3,,NON_TROUVE,,85.0,,NON_TROUVE,,NON_TROUVE,,8.0,,False,,Goyavier du Brésil,"RNM FranceAgriMer 2026, ITAB, Guides Bio"
Fenouil,,Apiaceae,legume,2.0,3.0,9.0,3,4.0,3,15.0,4,,4,12.0,8.0,0.5,8,4.0,85.0,12,20,9.0,10,,4.77,Moyen,False,,Bulbe anisé,"RNM FranceAgriMer 2026, ITAB, Guides Bio"
Figuier,,Moraceae,legume,,4.0,,2,,2,,3,,2,,0.1,,0.1,,85.0,,NON_TROUVE,,NON_TROUVE,,10.0,,False,,Arbre méditerranéen,"RNM FranceAgriMer 2026, ITAB, Guides Bio"
Fraise,,Rosacées,petit_fruit,0.8,1.2,2.0,3,,3,,4,4.0,4,,6.0,,NON_TROUVE,,85.0,,20,,20,,14.0,,,,Petit fruit,"RNM FranceAgriMer 2026, ITAB, Guides Bio"
Fraisier,,Rosaceae,petit_fruit,,1.0,,3,,3,,4,,4,,6.0,,6,,85.0,,20,,20,,14.0,,False,,Petit fruit,"RNM FranceAgriMer 2026, ITAB, Guides Bio"
Framboise,,Rosacées,petit_fruit,0.5,1.5,2.0,3,,2,,3,3.0,3,,3.0,,NON_TROUVE,,85.0,,NON_TROUVE,,NON_TROUVE,,16.0,,,,Rubus idaeus,"RNM FranceAgriMer 2026, ITAB, Guides Bio"
Framboisier,,Rosaceae,petit_fruit,,1.2,,3,,2,,3,,3,,3.0,,3,,85.0,,NON_TROUVE,,NON_TROUVE,,16.0,,False,,Remontant ou non,"RNM FranceAgriMer 2026, ITAB, Guides Bio"
Frêne,,Oleaceae,legume,,0,,1,,1,,1,,2,,0.01,,NON_TROUVE,,85.0,,NON_TROUVE,,NON_TROUVE,,0,,False,,Arbre,"RNM FranceAgriMer 2026, ITAB, Guides Bio"
Fève,Vicia faba,Fabacées,legume,1.5,1.5,1.0,1,2.0,2,2.0,3,2.0,2,17.0,15.0,45.0,NON_TROUVE,5.0,85.0,8,10,15.0,10,,6.0,Facile,False,,Légumineuse rustique,"RNM FranceAgriMer 2026, ITAB, Guides Bio"
Grenadier,,Lythraceae,legume,,3.0,,2,,2,,3,,2,,0.2,,NON_TROUVE,,85.0,,NON_TROUVE,,NON_TROUVE,,7.0,,False,,Fruit rouge,"RNM FranceAgriMer 2026, ITAB, Guides Bio"
Groseillier,,Grossulariaceae,petit_fruit,,2.5,,3,,2,,3,,3,,1.0,,1,,85.0,,NON_TROUVE,,NON_TROUVE,,12.0,,False,,Grappes rouges/blanches,"RNM FranceAgriMer 2026, ITAB, Guides Bio"
Haricot,,Fabaceae,legume,1.5,1.5,6.0,1,4.0,2,13.0,2,,3,40.0,20.0,10.0,20,3.0,85.0,16-30,20,7.0,7,,8.0,Moyen,False,,Sensible au froid,"RNM FranceAgriMer 2026, ITAB, Guides Bio"
Haricot sec,,Fabacées,legume,0.3,1.5,1.0,1,,2,,2,2.0,3,,20.0,,20,,85.0,,20,,7,,8.0,,,,Sensible au froid,"RNM FranceAgriMer 2026, ITAB, Guides Bio"
Haricot vert,Phaseolus vulgaris,Fabacées,legume,2.5,1.5,1.0,1,2.0,2,2.0,2,3.0,3,,20.0,,20,,85.0,,20,,7,,8.0,Facile,,,Sensible au froid,"RNM FranceAgriMer 2026, ITAB, Guides Bio"
Hibiscus,,Malvaceae,aromatique,,1.0,,2,,2,,3,,3,,1.0,,NON_TROUVE,,85.0,,22,,15,,20.0,,False,,Fleur (Bissap),"RNM FranceAgriMer 2026, ITAB, Guides Bio"
Houblon,,Cannabaceae,aromatique,,1.0,,3,,2,,2,,4,,0.5,,NON_TROUVE,,85.0,,15,,20,,30.0,,False,,Liane à bière,"RNM FranceAgriMer 2026, ITAB, Guides Bio"
Kaki-pomme,,Ebenaceae,legume,,5.0,,2,,2,,3,,3,,0.05,,0.05,,85.0,,NON_TROUVE,,NON_TROUVE,,3.0,,False,,Verger,"RNM FranceAgriMer 2026, ITAB, Guides Bio"
Kumquat,,Rutaceae,legume,,3.0,,3,,3,,3,,3,,0.2,,NON_TROUVE,,85.0,,NON_TROUVE,,NON_TROUVE,,12.0,,False,,Petit agrume,"RNM FranceAgriMer 2026, ITAB, Guides Bio"
Laitue,Lactuca sativa,Astéracées,legume,3.0,2.5,3.0,3,2.0,2,2.0,3,3.0,3,13.0,12.0,0.15,12,4.5,85.0,5-27,15,7.0,4,,6.0,Facile,False,,Salade rapide,"RNM FranceAgriMer 2026, ITAB, Guides Bio"
Lavande,,Lamiaceae,aromatique,,1.0,,1,,1,,1,,1,,4.0,,4,,85.0,,18,,20,,25.0,,False,,Fleur parfumée,"RNM FranceAgriMer 2026, ITAB, Guides Bio"
Mandarinier,,Rutaceae,legume,,4.0,,4,,3,,4,,4,,0.1,,NON_TROUVE,,85.0,,NON_TROUVE,,NON_TROUVE,,5.0,,False,,Agrume,"RNM FranceAgriMer 2026, ITAB, Guides Bio"
Marjolaine,,Lamiaceae,aromatique,,1.0,,2,,1,,2,,1,,10.0,,10,,85.0,,18,,15,,35.0,,False,,Proche origan,"RNM FranceAgriMer 2026, ITAB, Guides Bio"
Maïs,,Poaceae,legume,1.0,1.5,15.0,5,6.0,3,15.0,3,,4,10.0,6.0,4.0,NON_TROUVE,2.0,85.0,16-30,20,13.0,8,,5.0,Moyen,False,,Céréale exigente,"RNM FranceAgriMer 2026, ITAB, Guides Bio"
Melon,,Cucurbitaceae,legume,2.5,3.0,11.0,4,7.0,3,16.0,5,,4,1.0,1.0,0.15,1,7.0,85.0,24-35,25,7.0,6,,3.5,Difficile,False,,Exigeant chaleur,"RNM FranceAgriMer 2026, ITAB, Guides Bio"
Menthe,,Lamiaceae,aromatique,,2.0,,4,,2,,3,,5,,6.0,,6,,85.0,,20,,15,,30.0,,False,,Envahissante,"RNM FranceAgriMer 2026, ITAB, Guides Bio"
Moutarde,,Brassicaceae,engrais_vert,,2.0,8.0,2,4.0,2,11.0,2,2.0,2,,20.0,1.3,20,,85.0,3-5,15,6.0,5,,8.0,Facile,False,,Engrais vert/condiment,"RNM FranceAgriMer 2026, ITAB, Guides Bio"
Mâche,,Valerianaceae,legume,1.0,1.5,5.0,2,2.0,2,7.0,2,,2,100.0,50.0,0.6,NON_TROUVE,5.0,85.0,15-20,15,14.0,10,,14.67,Moyen,False,,Salade hiver,"RNM FranceAgriMer 2026, ITAB, Guides Bio"
Mélange,,,engrais_vert,,2.0,,2,,2,,2,,2,,5.0,,NON_TROUVE,,85.0,,15,,15,,5.0,,False,,Plante diversifiée,Estimation Générale (Base ITAB) (Ref 2026)
Mélilot,,Fabaceae,engrais_vert,,0,6.0,1,4.0,1,9.0,1,,1,,100.0,1.75,NON_TROUVE,,85.0,5-10,12,8.0,10,,0,Moyen,False,,Engrais vert,"RNM FranceAgriMer 2026, ITAB, Guides Bio"
Mélisse,,Lamiaceae,aromatique,,1.5,,3,,2,,2,,3,,6.0,,NON_TROUVE,,85.0,,20,,15,,30.0,,False,,Citronnée,"RNM FranceAgriMer 2026, ITAB, Guides Bio"
Mûrier platane,,Moraceae,legume,,0,,2,,2,,2,,2,,0.02,,NON_TROUVE,,85.0,,NON_TROUVE,,NON_TROUVE,,0,,False,,Arbre ombrage,"RNM FranceAgriMer 2026, ITAB, Guides Bio"
Mûrier sans épine,,Rosaceae,petit_fruit,,3.0,,3,,3,,4,,4,,1.0,,NON_TROUVE,,85.0,,NON_TROUVE,,NON_TROUVE,,10.0,,False,,Mûre fruit,"RNM FranceAgriMer 2026, ITAB, Guides Bio"
Navet,Brassica rapa,Brassicacées,legume,3.0,3.5,2.0,2,2.0,3,2.0,3,2.0,3,100.0,25.0,0.3,25,4.5,85.0,7-30,18,6.0,5,,4.43,Facile,False,,Racine rapide,"RNM FranceAgriMer 2026, ITAB, Guides Bio"
Noisetier,,,legume,,2.5,,2,,1,,2,,2,,0.05,,0.05,,85.0,,NON_TROUVE,,NON_TROUVE,,9.0,,False,,Noisettes,"RNM FranceAgriMer 2026, ITAB, Guides Bio"
Noyer,,Juglandaceae,legume,,3.0,,3,,2,,3,,3,,0.01,,0.01,,85.0,,NON_TROUVE,,NON_TROUVE,,9.0,,False,,Grand arbre,"RNM FranceAgriMer 2026, ITAB, Guides Bio"
Néflier,,Rosaceae,legume,,2.0,,1,,1,,2,,2,,0.05,,NON_TROUVE,,85.0,,NON_TROUVE,,NON_TROUVE,,6.0,,False,,Fruit d'hiver,"RNM FranceAgriMer 2026, ITAB, Guides Bio"
Oignon,Allium cepa,Alliacées,legume,4.0,3.5,2.0,3,2.0,3,3.0,4,2.0,2,44.0,30.0,0.4,30,2.0,85.0,10-30,15,23.0,12,,2.5,Facile,False,,Conservation,"RNM FranceAgriMer 2026, ITAB, Guides Bio"
Olivier,,Oleaceae,legume,,1.5,,2,,1,,2,,1,,0.03,,0.03,,85.0,,NON_TROUVE,,NON_TROUVE,,10.0,,False,,"Sud, huile/fruit","RNM FranceAgriMer 2026, ITAB, Guides Bio"
Oranger,,Rutaceae,legume,,5.0,,4,,3,,4,,4,,0.1,,NON_TROUVE,,85.0,,NON_TROUVE,,NON_TROUVE,,4.0,,False,,Agrume,"RNM FranceAgriMer 2026, ITAB, Guides Bio"
Origan,,Lamiaceae,aromatique,,1.0,,1,,1,,1,,1,20.0,6.0,,6,,85.0,,18,,15,,35.0,Facile,False,,Aromatique pizza,"RNM FranceAgriMer 2026, ITAB, Guides Bio"
Panais,,Apiaceae,legume,3.0,3.5,8.0,3,5.0,3,16.0,4,,3,25.0,15.0,0.5,15,1.0,85.0,20,15,18.0,20,,3.5,Moyen,False,,Racine sucrée,"RNM FranceAgriMer 2026, ITAB, Guides Bio"
Patate douce,,Convolvulaceae,legume,2.0,3.5,10.0,3,6.0,3,18.0,5,,3,3.2,4.0,,4,,85.0,25,25,,NON_TROUVE,,4.0,Difficile,False,,Tubercule tropical,"RNM FranceAgriMer 2026, ITAB, Guides Bio"
Persil,Petroselinum crispum,Apiacées,aromatique,0.5,2.0,2.0,3,2.0,2,2.0,3,2.0,4,50.0,30.0,1.0,30,3.0,85.0,16-30,15,20.0,21,,15.0,Facile,False,,Germination lente,"RNM FranceAgriMer 2026, ITAB, Guides Bio"
Petit pois,,Fabacées,legume,0.8,1.5,1.0,1,,2,,2,3.0,3,,40.0,,40,,85.0,,12,,9,,8.0,,,,Pois frais,"RNM FranceAgriMer 2026, ITAB, Guides Bio"
Phacélie,,Hydrophyllaceae,engrais_vert,,0,5.0,1,4.0,1,8.0,1,2.0,2,,100.0,1.5,NON_TROUVE,,85.0,4-5,12,8.0,10,,0,Moyen,False,,Engrais vert mellifère,"RNM FranceAgriMer 2026, ITAB, Guides Bio"
Physalis,,Solanaceae,petit_fruit,1.0,1.5,11.0,3,5.0,3,15.0,4,,3,1.0,2.0,,NON_TROUVE,8.0,85.0,16-30,20,10.0,10,,15.0,Difficile,False,,Coqueret du Pérou,"RNM FranceAgriMer 2026, ITAB, Guides Bio"
Plaqueminier,,Ebenaceae,legume,,5.0,,2,,2,,3,,3,,0.05,,NON_TROUVE,,85.0,,NON_TROUVE,,NON_TROUVE,,6.0,,False,,Kaki,"RNM FranceAgriMer 2026, ITAB, Guides Bio"
Poireau,Allium porrum,Alliacées,legume,4.0,3.5,3.0,5,2.0,3,3.0,4,3.0,4,35.0,25.0,0.17,25,2.0,85.0,13-24,15,15.0,12,,3.0,Moyen,False,,Légume d'hiver,"RNM FranceAgriMer 2026, ITAB, Guides Bio"
Poirier,,Rosaceae,legume,,4.0,,2,,2,,3,3.0,3,,0.05,,0.05,,85.0,,NON_TROUVE,,NON_TROUVE,,3.5,,False,,Verger,"RNM FranceAgriMer 2026, ITAB, Guides Bio"
Pois,Pisum sativum,Fabacées,legume,1.5,1.5,1.0,1,2.0,2,2.0,2,2.0,3,65.0,40.0,20.0,40,4.0,85.0,5-24,12,10.0,9,,8.0,Facile,False,,Pois frais,"RNM FranceAgriMer 2026, ITAB, Guides Bio"
Poivron,Capsicum annuum,Solanacées,legume,4.0,4.0,4.0,4,3.0,3,4.0,5,4.0,4,,3.0,,3,,85.0,,25,,10,,6.0,Difficile,,,Serre recommandée,"RNM FranceAgriMer 2026, ITAB, Guides Bio"
Poivron piment,,Solanaceae,legume,5.5,2.5,13.0,4,10.0,3,21.0,5,,4,3.3,4.0,0.075,4,4.0,85.0,18-35,25,13.0,10,,15.0,Moyen,False,,Chaleur indispensable,"RNM FranceAgriMer 2026, ITAB, Guides Bio"
Pomme de terre,Solanum tuberosum,Solanacées,legume,4.0,4.5,3.0,3,3.0,3,4.0,5,3.0,3,6.0,5.0,,5,,85.0,,12,,15,,2.5,Facile,False,,Tubercule base,"RNM FranceAgriMer 2026, ITAB, Guides Bio"
Pommier,,Rosaceae,legume,,6.0,,2,,2,,3,3.0,3,,0.05,,NON_TROUVE,,85.0,,NON_TROUVE,,NON_TROUVE,,3.0,,False,,Verger,"RNM FranceAgriMer 2026, ITAB, Guides Bio"
Potimarron,,Cucurbitacées,legume,2.5,5.0,3.0,4,,4,,5,3.0,4,,1.0,,NON_TROUVE,,85.0,,20,,7,,2.74,,,,Courge châtaigne,"RNM FranceAgriMer 2026, ITAB, Guides Bio"
Potiron,,Cucurbitaceae,legume,6.0,6.0,12.0,4,8.0,4,23.0,5,,4,0.5,0.5,0.3,0.5,5.0,85.0,16-35,20,10.0,7,,2.5,Facile,False,,Grosse courge,"RNM FranceAgriMer 2026, ITAB, Guides Bio"
Prunier,,Rosaceae,legume,,3.5,,2,,2,,3,2.0,3,,0.04,,0.04,,85.0,,NON_TROUVE,,NON_TROUVE,,4.5,,False,,Fruit à noyau,"RNM FranceAgriMer 2026, ITAB, Guides Bio"
Pyracantha,,Rosaceae,legume,,0,,1,,1,,1,,1,,1.0,,NON_TROUVE,,85.0,,NON_TROUVE,,NON_TROUVE,,0,,False,,Haie défensive,"RNM FranceAgriMer 2026, ITAB, Guides Bio"
Pêcher,,Rosaceae,legume,,3.5,,3,,3,,4,,4,,0.05,,NON_TROUVE,,85.0,,NON_TROUVE,,NON_TROUVE,,5.0,,False,,Fruit fragile,"RNM FranceAgriMer 2026, ITAB, Guides Bio"
Radis,Raphanus sativus,Brassicacées,legume,2.0,1.5,2.0,2,2.0,2,2.0,3,2.0,4,125.0,80.0,4.5,80,4.5,85.0,7-32,15,4.0,4,,5.0,Facile,False,,Cycle court,"RNM FranceAgriMer 2026, ITAB, Guides Bio"
Radis noir,,Brassicaceae,legume,2.0,2.5,6.0,2,4.0,2,10.0,3,,3,30.0,20.0,4.5,20,4.5,85.0,7-32,15,4.0,5,,4.0,Facile,False,,Radis hiver,"RNM FranceAgriMer 2026, ITAB, Guides Bio"
Raifort,,Brassicaceae,legume,,2.0,,2,,2,,3,,3,,4.0,,NON_TROUVE,,85.0,,15,,15,,15.0,,False,,Racine piquante,"RNM FranceAgriMer 2026, ITAB, Guides Bio"
Ricin,,Euphorbiaceae,aromatique,,1.0,10.0,3,5.0,2,12.0,2,,3,0.4,1.0,0.5,1,,85.0,,20,,10,,NON_TROUVE,Moyen,False,,Ornemental toxique,"RNM FranceAgriMer 2026, ITAB, Guides Bio"
Romarin,,Lamiaceae,aromatique,,1.5,,1,,1,,1,,1,,2.0,,2,,85.0,,18,,20,,25.0,,False,,Arbuste sec,"RNM FranceAgriMer 2026, ITAB, Guides Bio"
Roquette,,Brassicaceae,legume,2.5,1.5,8.0,3,5.0,2,13.0,3,,3,107.0,50.0,,50,,85.0,,15,,4,,12.0,Facile,False,,Salade piquante,"RNM FranceAgriMer 2026, ITAB, Guides Bio"
Salsifis,,Asteraceae,legume,2.25,2.0,,2,,2,,3,,2,32.0,20.0,1.1,20,12.0,85.0,15,15,14.0,12,,6.0,Moyen,False,,Racine ancienne,"RNM FranceAgriMer 2026, ITAB, Guides Bio"
Sarrasin,,Polygonaceae,engrais_vert,0.2,1.5,8.0,1,4.0,1,11.0,1,,2,,50.0,5.5,50,,85.0,10-15,15,8.0,6,,6.0,Facile,False,,Blé noir,"RNM FranceAgriMer 2026, ITAB, Guides Bio"
Sarriette,,Lamiaceae,aromatique,,1.0,,1,,1,,1,,1,8.0,10.0,,10,,85.0,18,18,,15,,30.0,Moyen,False,,Aromatique vivace,"RNM FranceAgriMer 2026, ITAB, Guides Bio"
Sauge,,Lamiaceae,legume,,1.5,,2,,1,,2,,1,,4.0,,4,,85.0,,20,,15,,30.0,,False,,Médicinale,"RNM FranceAgriMer 2026, ITAB, Guides Bio"
Sorgho,,Poaceae,engrais_vert,0.6,3.0,14.0,3,6.0,2,15.0,3,,2,,15.0,4.5,15,,85.0,20-30,20,8.0,8,,5.0,Moyen,False,,Céréale africaine,"RNM FranceAgriMer 2026, ITAB, Guides Bio"
Souci,,Asteraceae,aromatique,,1.0,10.0,2,8.0,1,10.0,2,,2,8.5,10.0,,10,,85.0,,15,,10,,30.0,Facile,False,,Fleur compagne,"RNM FranceAgriMer 2026, ITAB, Guides Bio"
Sureau,,,legume,,3.0,,2,,1,,2,,2,,0.1,,0.1,,85.0,,NON_TROUVE,,NON_TROUVE,,10.0,,False,,Baies/fleurs,"RNM FranceAgriMer 2026, ITAB, Guides Bio"
Tagètes,,Asteraceae,legume,,1.0,,2,,1,,2,,2,16.0,10.0,,NON_TROUVE,,85.0,,18,,8,,NON_TROUVE,Facile,False,,Oeillet d'inde,"RNM FranceAgriMer 2026, ITAB, Guides Bio"
Thym,,Lamiaceae,aromatique,,1.0,,1,,1,,1,,1,,10.0,,10,,85.0,,18,,15,,35.0,,False,,Aromatique sec,"RNM FranceAgriMer 2026, ITAB, Guides Bio"
Tilleul,,Malvaceae,arbre_fruitier,,2.0,,1,,1,,2,,2,,0.01,,0.01,,85.0,,NON_TROUVE,,NON_TROUVE,,40.0,,False,,Tisane fleurs,"RNM FranceAgriMer 2026, ITAB, Guides Bio"
Tomate,Solanum lycopersicum,Solanacées,legume,8.0,10.0,4.0,4,3.0,4,4.0,5,4.0,4,2.7,2.5,0.03,2.5,4.0,85.0,16-30,22,7.0,7,,3.5,Moyen,False,,"Fruit rouge, tuteur","RNM FranceAgriMer 2026, ITAB, Guides Bio"
Topinambour,,Asteraceae,legume,1.0,4.0,10.0,1,5.0,1,16.0,2,,2,3.3,4.0,,4,,85.0,,12,,15,,3.0,Facile,False,,Tubercule vivace,"RNM FranceAgriMer 2026, ITAB, Guides Bio"
Tournesol,,Apiaceae,engrais_vert,1.0,2.5,10.0,3,8.0,2,15.0,3,,3,8.0,6.0,,6,7.0,85.0,,15,,8,,4.0,Facile,False,,Fleur géante,"RNM FranceAgriMer 2026, ITAB, Guides Bio"
Trèfle blanc,,Fabaceae,engrais_vert,,0,5.0,1,4.0,1,8.0,1,,2,,200.0,1.0,NON_TROUVE,,85.0,5-10,12,8.0,8,,0,Moyen,False,,Engrais vert azoté,"RNM FranceAgriMer 2026, ITAB, Guides Bio"
Trèfle incarnat,,Fabacées,engrais_vert,,0,,1,,1,,1,2.0,2,,200.0,,NON_TROUVE,,85.0,,12,,8,,0,,,,Engrais vert azoté,"RNM FranceAgriMer 2026, ITAB, Guides Bio"
Trèfle violet,,Fabaceae,engrais_vert,,0,5.0,1,4.0,1,8.0,1,,2,,200.0,2.0,NON_TROUVE,,85.0,5-10,12,8.0,8,,0,Moyen,False,,Engrais vert azoté,"RNM FranceAgriMer 2026, ITAB, Guides Bio"
Vesce,,Fabaceae,engrais_vert,0.4,0,5.0,1,4.0,1,8.0,1,,2,,50.0,12.0,NON_TROUVE,,85.0,5-10,10,8.0,10,,0,Moyen,False,,Engrais vert légumineuse,"RNM FranceAgriMer 2026, ITAB, Guides Bio"
Vigne,,,legume,,3.0,,2,,2,,4,,2,,0.3,,0.3,,85.0,,NON_TROUVE,,NON_TROUVE,,6.0,,False,,Raisin table,"RNM FranceAgriMer 2026, ITAB, Guides Bio"
Échalote,,Alliacées,legume,1.5,2.0,2.0,2,,2,,3,2.0,1,,20.0,,NON_TROUVE,,85.0,,10,,15,,6.5,,,,Bulbe condimentaire,"RNM FranceAgriMer 2026, ITAB, Guides Bio"
Épinard,Spinacia oleracea,Chénopodiacées,legume,2.0,2.0,3.0,4,2.0,2,3.0,3,3.0,4,,40.0,,NON_TROUVE,,85.0,,12,,10,,5.81,Facile,,,"Feuille, jours courts","RNM FranceAgriMer 2026, ITAB, Guides Bio"
