id,espece,semaineSemis_actuel,semaineSemis_AI,semainePlantation_actuel,semainePlantation_AI,semaineRecolte_actuel,semaineRecolte_AI,dureeRecolte_actuel,dureeRecolte_AI,dureePepiniere_actuel,dureePepiniere_AI,dureeCulture_actuel,dureeCulture_AI,nbRangs_actuel,nbRangs_AI,espacement_actuel,espacement_AI,espacementRangs_actuel,espacementRangs_AI,typePlanche,notes_actuelle,notes_AI,sources_AI
Ail plant. automne,Ail,,42.0,42.0,46.0,25.0,2.0,1.0,4.0,,4.0,,12.0,,2.0,12.0,20.0,30.0,30.0,,,Adapté climat France,"ITAB, Calendrier Lunaire 2024"
Ail plant. printemps,Ail,,10.0,7.0,14.0,27.0,22.0,1.0,4.0,,4.0,,12.0,,2.0,12.0,20.0,30.0,30.0,,,Adapté climat France,"ITAB, Calendrier Lunaire 2024"
Aneth,Aneth,15.0,15.0,,19.0,27.0,27.0,10.0,4.0,,4.0,,12.0,,3.0,,18.0,,27.0,,,Adapté climat France,"ITAB, Calendrier Lunaire 2024"
Aubergine,Aubergine,7.0,7.0,18.0,11.0,29.0,27.0,4.0,4.0,,4.0,,20.0,,1.0,70.0,63.0,60.0,94.0,,,Adapté climat France,"ITAB, Calendrier Lunaire 2024"
Basilic,Basilic,6.0,6.0,15.0,10.0,23.0,18.0,15.0,4.0,,4.0,,12.0,,2.0,60.0,20.0,50.0,30.0,,,Adapté climat France,"ITAB, Calendrier Lunaire 2024"
Betterave plant. automne,Betterave,33.0,33.0,38.0,37.0,3.0,45.0,2.0,4.0,,4.0,,12.0,,2.0,15.0,20.0,30.0,30.0,Serre,En poquet,Adapté climat France,"ITAB, Calendrier Lunaire 2024"
Betterave plant. printemps,Betterave,10.0,10.0,14.0,14.0,20.0,22.0,12.0,4.0,,4.0,,12.0,,2.0,15.0,20.0,30.0,30.0,Extérieur,En poquet,Adapté climat France,"ITAB, Calendrier Lunaire 2024"
Blette,Blette,23.0,23.0,27.0,27.0,33.0,35.0,22.0,4.0,,4.0,,12.0,,2.0,45.0,35.0,35.0,52.0,Extérieur,,Adapté climat France,"ITAB, Calendrier Lunaire 2024"
Bourrache,Bourrache,10.0,10.0,,14.0,48.0,22.0,,4.0,,4.0,,12.0,,1.0,40.0,44.0,50.0,66.0,,En poquet,Adapté climat France,"ITAB, Calendrier Lunaire 2024"
Capucine,Capucine,16.0,16.0,,20.0,40.0,28.0,,4.0,,4.0,,12.0,,2.0,40.0,30.0,40.0,45.0,,,Adapté climat France,"ITAB, Calendrier Lunaire 2024"
Carotte pleine terre,Carotte,14.0,14.0,,18.0,27.0,28.0,5.0,4.0,,4.0,,14.0,,3.0,5.0,10.0,25.0,15.0,Extérieur,Semer 1 graine tous les 1cm puis éclaircir à 5cm.,Adapté climat France,"ITAB, Calendrier Lunaire 2024"
Carotte pleine terre conservation,Carotte,20.0,20.0,,24.0,40.0,34.0,17.0,4.0,,4.0,,14.0,,3.0,5.0,10.0,25.0,15.0,Extérieur,Semer 1 graine tous les 1cm puis éclaircir à 5cm.,Adapté climat France,"ITAB, Calendrier Lunaire 2024"
Carotte serre,Carotte,5.0,5.0,,9.0,18.0,19.0,1.0,4.0,,4.0,,14.0,,3.0,5.0,10.0,25.0,15.0,Serre,Semer 1 graine tous les 1cm puis éclaircir à 5cm.,Adapté climat France,"ITAB, Calendrier Lunaire 2024"
Carotte serre conservation,Carotte,40.0,40.0,,44.0,14.0,2.0,1.0,4.0,,4.0,,14.0,,3.0,5.0,10.0,25.0,15.0,Serre,Semer 1 graine tous les 1cm puis éclaircir à 5cm.,Adapté climat France,"ITAB, Calendrier Lunaire 2024"
Chicorée frisée,Chicorée frisée,16.0,16.0,,20.0,31.0,28.0,4.0,4.0,,4.0,,12.0,,2.0,30.0,30.0,40.0,45.0,,En poquet,Adapté climat France,"ITAB, Calendrier Lunaire 2024"
Chicorée sauvage,Chicorée sauvage,22.0,22.0,,26.0,40.0,34.0,10.0,4.0,,4.0,,12.0,,2.0,25.0,30.0,35.0,45.0,,En poquet,Adapté climat France,"ITAB, Calendrier Lunaire 2024"
Chou brocoli,Chou brocoli,10.0,10.0,16.0,14.0,23.0,22.0,9.0,4.0,,4.0,,12.0,,1.0,50.0,50.0,60.0,75.0,Extérieur,,Adapté climat France,"ITAB, Calendrier Lunaire 2024"
Chou de Bruxelles,Chou de Bruxelles,12.0,12.0,20.0,16.0,36.0,24.0,25.0,4.0,,4.0,,12.0,,1.0,55.0,57.0,65.0,85.0,Extérieur,,Adapté climat France,"ITAB, Calendrier Lunaire 2024"
Chou de Chine,Chou de Chine,23.0,23.0,,27.0,38.0,35.0,1.0,4.0,,4.0,,12.0,,1.0,50.0,50.0,50.0,75.0,Extérieur,En poquet circulaire (faire une empreinte dans le sol avec un fond de bouteille).,Adapté climat France,"ITAB, Calendrier Lunaire 2024"
Chou frisé,Chou frisé,14.0,14.0,23.0,18.0,35.0,26.0,20.0,4.0,,4.0,,12.0,,1.0,65.0,50.0,65.0,75.0,Extérieur,,Adapté climat France,"ITAB, Calendrier Lunaire 2024"
Chou pommé plant. automne,Chou pommé,33.0,33.0,42.0,37.0,14.0,45.0,8.0,4.0,,4.0,,12.0,,1.0,65.0,50.0,65.0,75.0,,,Adapté climat France,"ITAB, Calendrier Lunaire 2024"
Chou pommé plant. printemps,Chou pommé,7.0,7.0,16.0,11.0,27.0,19.0,7.0,4.0,,4.0,,12.0,,1.0,45.0,50.0,50.0,75.0,,,Adapté climat France,"ITAB, Calendrier Lunaire 2024"
Chou pommé plant. été,Chou pommé,20.0,20.0,29.0,24.0,49.0,32.0,13.0,4.0,,4.0,,12.0,,1.0,65.0,50.0,65.0,75.0,,,Adapté climat France,"ITAB, Calendrier Lunaire 2024"
Chou-fleur plant. printemps,Chou-fleur,5.0,5.0,14.0,9.0,27.0,17.0,1.0,4.0,,4.0,,12.0,,1.0,70.0,50.0,70.0,75.0,Extérieur,,Adapté climat France,"ITAB, Calendrier Lunaire 2024"
Chou-fleur plant. été,Chou-fleur,16.0,16.0,29.0,20.0,10.0,28.0,10.0,4.0,,4.0,,12.0,,1.0,70.0,50.0,70.0,75.0,Extérieur,,Adapté climat France,"ITAB, Calendrier Lunaire 2024"
Chou-rave plant. hiver,Chou-rave,49.0,49.0,3.0,1.0,16.0,9.0,6.0,4.0,,4.0,,12.0,,1.0,20.0,50.0,30.0,75.0,Serre,,Adapté climat France,"ITAB, Calendrier Lunaire 2024"
Chou-rave plant. printemps,Chou-rave,10.0,10.0,16.0,14.0,27.0,22.0,1.0,4.0,,4.0,,12.0,,1.0,20.0,50.0,30.0,75.0,Extérieur,,Adapté climat France,"ITAB, Calendrier Lunaire 2024"
Chénopode,Chénopode,14.0,14.0,,18.0,22.0,26.0,12.0,4.0,,4.0,,12.0,,2.0,,30.0,,45.0,,,Adapté climat France,"ITAB, Calendrier Lunaire 2024"
Concombre,Concombre,10.0,10.0,14.0,14.0,23.0,22.0,10.0,4.0,,4.0,,12.0,,1.0,60.0,70.0,120.0,105.0,Serre,,Adapté climat France,"ITAB, Calendrier Lunaire 2024"
Coriandre,Coriandre,6.0,6.0,12.0,10.0,18.0,18.0,11.0,4.0,,4.0,,12.0,,3.0,15.0,15.0,40.0,22.0,,,Adapté climat France,"ITAB, Calendrier Lunaire 2024"
Cosmos,Cosmos,16.0,16.0,,20.0,38.0,28.0,,4.0,,4.0,,12.0,,2.0,30.0,30.0,40.0,45.0,,,Adapté climat France,"ITAB, Calendrier Lunaire 2024"
Courge,Courge,10.0,10.0,12.0,14.0,36.0,30.0,5.0,4.0,,4.0,,20.0,,1.0,100.0,100.0,130.0,150.0,Extérieur,,Adapté climat France,"ITAB, Calendrier Lunaire 2024"
Courgette,Courgette,20.0,20.0,25.0,24.0,27.0,40.0,12.0,4.0,,4.0,,20.0,,1.0,100.0,81.0,130.0,121.0,Extérieur,,Adapté climat France,"ITAB, Calendrier Lunaire 2024"
Courgette sous serre,Courgette,10.0,10.0,12.0,14.0,20.0,30.0,10.0,4.0,,4.0,,20.0,,1.0,100.0,81.0,130.0,121.0,Serre,,Adapté climat France,"ITAB, Calendrier Lunaire 2024"
Céleri,Céleri,10.0,10.0,20.0,14.0,33.0,22.0,13.0,4.0,,4.0,,12.0,,2.0,50.0,30.0,50.0,45.0,Extérieur,,Adapté climat France,"ITAB, Calendrier Lunaire 2024"
EV LD automne commerce,Mélange,36.0,36.0,,40.0,,48.0,,4.0,,4.0,,12.0,,2.0,,30.0,,45.0,Extérieur,,Adapté climat France,"ITAB, Calendrier Lunaire 2024"
EV LD printemps Sorgho Trèfle Mélilot Sarrasin,Mélange,16.0,16.0,,20.0,52.0,28.0,,4.0,,4.0,,12.0,,2.0,,30.0,,45.0,Extérieur,"Sorgo 1 g/m² 

Trèfle 0.375 g/m² 

Mélilot 0.5 g/m² 

Sarrasin 1.25 g/m²",Adapté climat France,"ITAB, Calendrier Lunaire 2024"
EV Ser automne Seigle Vesce Moutarde Phacélie,Mélange,38.0,38.0,,42.0,7.0,50.0,,4.0,,4.0,,12.0,,2.0,,30.0,,45.0,Serre,"Seigle 8 g/m² 

Vesce 4 g/m² 

Moutarde 0,5 g/m² 

Phacélie 0,5 g/m²",Adapté climat France,"ITAB, Calendrier Lunaire 2024"
EV Ser printemps Sorgho Trèfle Mélilot Sarrasin,Mélange,12.0,12.0,,16.0,23.0,24.0,,4.0,,4.0,,12.0,,2.0,,30.0,,45.0,Serre,"Sorgo 1 g/m² 

Trèfle 0.375 g/m² 

Mélilot 0.5 g/m² 

Sarrasin 1.25 g/m²",Adapté climat France,"ITAB, Calendrier Lunaire 2024"
EV automne Seigle Vesce Moutarde Phacélie,Mélange,33.0,33.0,,37.0,7.0,45.0,,4.0,,4.0,,12.0,,2.0,,30.0,,45.0,Extérieur,"Seigle 8 g/m² 

Vesce 4 g/m² 

Moutarde 0,5 g/m² 

Phacélie 0,5 g/m²",Adapté climat France,"ITAB, Calendrier Lunaire 2024"
EV printemps Sorgho Trèfle Mélilot Sarrasin,Mélange,16.0,16.0,,20.0,27.0,28.0,,4.0,,4.0,,12.0,,2.0,,30.0,,45.0,Extérieur,"Sorgo 1 g/m² 

Trèfle 0.375 g/m² 

Mélilot 0.5 g/m² 

Sarrasin 1.25 g/m²",Adapté climat France,"ITAB, Calendrier Lunaire 2024"
Echalote,Echalote,,12.0,5.0,16.0,27.0,24.0,2.0,4.0,,4.0,,12.0,,2.0,20.0,22.0,25.0,33.0,,,Adapté climat France,"ITAB, Calendrier Lunaire 2024"
Epinard d'automne,Epinard,33.0,33.0,,37.0,42.0,41.0,1.0,4.0,,4.0,,8.0,,3.0,8.0,15.0,25.0,22.0,Extérieur,Semer 1 graine tous les 2cm puis éclaircir à 8cm.,Adapté climat France,"ITAB, Calendrier Lunaire 2024"
Epinard d'été,Epinard,14.0,14.0,,18.0,23.0,22.0,4.0,4.0,,4.0,,8.0,,3.0,8.0,15.0,25.0,22.0,Extérieur,Semer 1 graine tous les 2cm puis éclaircir à 8cm.,Adapté climat France,"ITAB, Calendrier Lunaire 2024"
Epinard de printemps,Epinard,7.0,7.0,,11.0,16.0,15.0,1.0,4.0,,4.0,,8.0,,3.0,8.0,15.0,25.0,22.0,Extérieur,Semer 1 graine tous les 2cm puis éclaircir à 8cm.,Adapté climat France,"ITAB, Calendrier Lunaire 2024"
Fenouil,Fenouil,29.0,29.0,,33.0,45.0,41.0,1.0,4.0,,4.0,,12.0,,2.0,20.0,35.0,40.0,52.0,Extérieur,Semer 1 graine tous les 5cm puis éclaircir à 20cm.,Adapté climat France,"ITAB, Calendrier Lunaire 2024"
Fève,Fève,38.0,38.0,,42.0,14.0,50.0,4.0,4.0,,4.0,,12.0,,2.0,15.0,30.0,45.0,45.0,Extérieur,,Adapté climat France,"ITAB, Calendrier Lunaire 2024"
Haricot Ext,Haricot,16.0,16.0,,20.0,25.0,28.0,3.0,4.0,,4.0,,12.0,,2.0,5.0,22.0,50.0,33.0,Extérieur,,Adapté climat France,"ITAB, Calendrier Lunaire 2024"
Haricot Ser,Haricot,10.0,10.0,14.0,14.0,23.0,22.0,13.0,4.0,,4.0,,12.0,,2.0,5.0,22.0,50.0,33.0,Serre,,Adapté climat France,"ITAB, Calendrier Lunaire 2024"
ITP-AIL-01,Ail,42.0,42.0,,46.0,28.0,2.0,2.0,4.0,,4.0,240.0,12.0,5.0,2.0,15.0,20.0,20.0,30.0,Plein champ,Ail d'automne,Adapté climat France,"ITAB, Calendrier Lunaire 2024"
ITP-AUB-01,Aubergine,6.0,6.0,20.0,10.0,28.0,26.0,10.0,4.0,98.0,4.0,,20.0,2.0,1.0,50.0,63.0,60.0,94.0,Serre,Aubergine sous serre,Adapté climat France,"ITAB, Calendrier Lunaire 2024"
ITP-Ail,Ail,,12.0,42.0,16.0,28.0,24.0,,4.0,,4.0,240.0,12.0,5.0,2.0,12.0,20.0,,30.0,,,Adapté climat France,"ITAB, Calendrier Lunaire 2024"
ITP-Aubergine,Aubergine,6.0,6.0,20.0,10.0,28.0,26.0,,4.0,98.0,4.0,140.0,20.0,2.0,1.0,50.0,63.0,,94.0,,,Adapté climat France,"ITAB, Calendrier Lunaire 2024"
ITP-BAS-01,Basilic,12.0,12.0,20.0,16.0,24.0,24.0,16.0,4.0,56.0,4.0,,12.0,4.0,2.0,25.0,20.0,30.0,30.0,Serre,Basilic compagnon tomates,Adapté climat France,"ITAB, Calendrier Lunaire 2024"
ITP-BET-01,Betterave,14.0,14.0,18.0,18.0,28.0,26.0,12.0,4.0,28.0,4.0,,12.0,4.0,2.0,15.0,20.0,20.0,30.0,Plein champ,Betterave été,Adapté climat France,"ITAB, Calendrier Lunaire 2024"
ITP-BLE-01,Blette,14.0,14.0,18.0,18.0,24.0,26.0,20.0,4.0,28.0,4.0,,12.0,3.0,2.0,30.0,35.0,40.0,52.0,Plein champ,Blettes perpétuelles,Adapté climat France,"ITAB, Calendrier Lunaire 2024"
ITP-Betterave,Betterave,14.0,14.0,,18.0,28.0,26.0,,4.0,,4.0,100.0,12.0,4.0,2.0,12.0,20.0,,30.0,,,Adapté climat France,"ITAB, Calendrier Lunaire 2024"
ITP-Brocoli,Brocoli,14.0,14.0,20.0,18.0,32.0,26.0,,4.0,42.0,4.0,100.0,12.0,3.0,1.0,45.0,50.0,,75.0,,,Adapté climat France,"ITAB, Calendrier Lunaire 2024"
ITP-Butternut,Courge butternut,16.0,16.0,21.0,20.0,38.0,36.0,,4.0,35.0,4.0,120.0,20.0,1.0,1.0,150.0,100.0,,150.0,,,Adapté climat France,"ITAB, Calendrier Lunaire 2024"
ITP-CAR-01,Carotte,12.0,12.0,,16.0,24.0,26.0,16.0,4.0,,4.0,90.0,14.0,6.0,3.0,3.0,10.0,15.0,15.0,Plein champ,Carottes précoces,Adapté climat France,"ITAB, Calendrier Lunaire 2024"
ITP-CAR-02,Carotte,20.0,20.0,,24.0,36.0,34.0,16.0,4.0,,4.0,120.0,14.0,6.0,3.0,3.0,10.0,15.0,15.0,Plein champ,Carottes de conservation,Adapté climat France,"ITAB, Calendrier Lunaire 2024"
ITP-CCB-01,Concombre,14.0,14.0,18.0,18.0,26.0,26.0,10.0,4.0,28.0,4.0,,12.0,2.0,1.0,40.0,70.0,40.0,105.0,Serre,Concombre sous serre,Adapté climat France,"ITAB, Calendrier Lunaire 2024"
ITP-CEL-01,Céleri,10.0,10.0,18.0,14.0,36.0,22.0,12.0,4.0,56.0,4.0,,12.0,3.0,2.0,30.0,30.0,40.0,45.0,Plein champ,Céleri branche,Adapté climat France,"ITAB, Calendrier Lunaire 2024"
ITP-CHO-01,Chou,14.0,14.0,20.0,18.0,40.0,26.0,8.0,4.0,42.0,4.0,,12.0,3.0,1.0,50.0,50.0,60.0,75.0,Plein champ,Chou d'automne,Adapté climat France,"ITAB, Calendrier Lunaire 2024"
ITP-COU-01,Courgette,14.0,14.0,18.0,18.0,24.0,34.0,14.0,4.0,28.0,4.0,,20.0,2.0,1.0,80.0,81.0,100.0,121.0,Plein champ,Courgette en plein champ,Adapté climat France,"ITAB, Calendrier Lunaire 2024"
ITP-CRG-01,Courge,16.0,16.0,20.0,20.0,38.0,36.0,4.0,4.0,28.0,4.0,,20.0,1.0,1.0,150.0,100.0,100.0,150.0,Plein champ,Courges de conservation,Adapté climat France,"ITAB, Calendrier Lunaire 2024"
ITP-Carotte-automne,Carotte,24.0,24.0,,28.0,40.0,38.0,,4.0,,4.0,110.0,14.0,5.0,3.0,5.0,10.0,,15.0,,,Adapté climat France,"ITAB, Calendrier Lunaire 2024"
ITP-Carotte-printemps,Carotte,12.0,12.0,,16.0,26.0,26.0,,4.0,,4.0,100.0,14.0,5.0,3.0,5.0,10.0,,15.0,,,Adapté climat France,"ITAB, Calendrier Lunaire 2024"
ITP-Chou-kale,Chou kale,16.0,16.0,22.0,20.0,36.0,28.0,,4.0,42.0,4.0,120.0,12.0,3.0,1.0,40.0,50.0,,75.0,,,Adapté climat France,"ITAB, Calendrier Lunaire 2024"
ITP-Courgette,Courgette,16.0,16.0,20.0,20.0,26.0,36.0,,4.0,28.0,4.0,90.0,20.0,1.0,1.0,100.0,81.0,,121.0,,,Adapté climat France,"ITAB, Calendrier Lunaire 2024"
ITP-EPI-01,Épinard,10.0,10.0,,14.0,16.0,22.0,4.0,4.0,,4.0,45.0,12.0,6.0,2.0,10.0,30.0,20.0,45.0,Plein champ,Épinard de printemps,Adapté climat France,"ITAB, Calendrier Lunaire 2024"
ITP-EPI-02,Épinard,34.0,34.0,,38.0,42.0,46.0,8.0,4.0,,4.0,60.0,12.0,6.0,2.0,10.0,30.0,20.0,45.0,Plein champ,Épinard d'automne/hiver,Adapté climat France,"ITAB, Calendrier Lunaire 2024"
ITP-Epinard,Épinard,12.0,12.0,,16.0,20.0,24.0,,4.0,,4.0,55.0,12.0,5.0,2.0,10.0,30.0,,45.0,,,Adapté climat France,"ITAB, Calendrier Lunaire 2024"
ITP-FEV-01,Fève,8.0,8.0,,12.0,22.0,20.0,4.0,4.0,,4.0,100.0,12.0,3.0,2.0,20.0,30.0,30.0,45.0,Plein champ,Fèves de printemps,Adapté climat France,"ITAB, Calendrier Lunaire 2024"
ITP-HAR-01,Haricot vert,18.0,18.0,,22.0,26.0,30.0,8.0,4.0,,4.0,60.0,12.0,4.0,2.0,5.0,22.0,15.0,33.0,Plein champ,Semis direct haricots,Adapté climat France,"ITAB, Calendrier Lunaire 2024"
ITP-HAR-02,Haricot vert,22.0,22.0,,26.0,30.0,34.0,6.0,4.0,,4.0,60.0,12.0,4.0,2.0,5.0,22.0,15.0,33.0,Plein champ,Haricots 2ème série,Adapté climat France,"ITAB, Calendrier Lunaire 2024"
ITP-Haricot-sec,Haricot sec,20.0,20.0,,24.0,38.0,32.0,,4.0,,4.0,120.0,12.0,3.0,2.0,10.0,22.0,,33.0,,,Adapté climat France,"ITAB, Calendrier Lunaire 2024"
ITP-Haricot-vert,Haricot vert,18.0,18.0,,22.0,28.0,30.0,,4.0,,4.0,70.0,12.0,4.0,2.0,8.0,22.0,,33.0,,,Adapté climat France,"ITAB, Calendrier Lunaire 2024"
ITP-LAI-01,Laitue,8.0,8.0,12.0,12.0,16.0,16.0,2.0,4.0,28.0,4.0,,8.0,5.0,2.0,25.0,28.0,30.0,42.0,Serre,Laitue printemps sous serre,Adapté climat France,"ITAB, Calendrier Lunaire 2024"
ITP-LAI-02,Laitue,14.0,14.0,18.0,18.0,22.0,22.0,2.0,4.0,28.0,4.0,,8.0,5.0,2.0,25.0,28.0,30.0,42.0,Plein champ,Laitue été,Adapté climat France,"ITAB, Calendrier Lunaire 2024"
ITP-LAI-03,Laitue,32.0,32.0,36.0,36.0,42.0,40.0,3.0,4.0,28.0,4.0,,8.0,5.0,2.0,25.0,28.0,30.0,42.0,Plein champ,Laitue automne,Adapté climat France,"ITAB, Calendrier Lunaire 2024"
ITP-Laitue-automne,Laitue,30.0,30.0,34.0,34.0,42.0,38.0,,4.0,28.0,4.0,55.0,8.0,5.0,2.0,25.0,28.0,,42.0,,,Adapté climat France,"ITAB, Calendrier Lunaire 2024"
ITP-Laitue-ete,Laitue,20.0,20.0,24.0,24.0,30.0,28.0,,4.0,28.0,4.0,45.0,8.0,5.0,2.0,25.0,28.0,,42.0,,,Adapté climat France,"ITAB, Calendrier Lunaire 2024"
ITP-Laitue-printemps,Laitue,8.0,8.0,14.0,12.0,20.0,16.0,,4.0,42.0,4.0,50.0,8.0,5.0,2.0,25.0,28.0,,42.0,,,Adapté climat France,"ITAB, Calendrier Lunaire 2024"
ITP-Moutarde,Moutarde,34.0,34.0,,38.0,,46.0,,4.0,,4.0,45.0,12.0,1.0,2.0,2.0,22.0,,33.0,,,Adapté climat France,"ITAB, Calendrier Lunaire 2024"
ITP-NAV-01,Navet,14.0,14.0,,18.0,22.0,28.0,4.0,4.0,,4.0,60.0,14.0,6.0,2.0,10.0,20.0,20.0,30.0,Plein champ,Navet de printemps,Adapté climat France,"ITAB, Calendrier Lunaire 2024"
ITP-NAV-02,Navet,32.0,32.0,,36.0,42.0,46.0,8.0,4.0,,4.0,70.0,14.0,6.0,2.0,10.0,20.0,20.0,30.0,Plein champ,Navet d'automne,Adapté climat France,"ITAB, Calendrier Lunaire 2024"
ITP-OIG-01,Oignon,8.0,8.0,14.0,12.0,32.0,20.0,4.0,4.0,42.0,4.0,,12.0,6.0,3.0,10.0,18.0,20.0,27.0,Plein champ,Oignons de conservation,Adapté climat France,"ITAB, Calendrier Lunaire 2024"
ITP-Oignon,Oignon,8.0,8.0,16.0,12.0,32.0,20.0,,4.0,56.0,4.0,150.0,12.0,5.0,3.0,10.0,18.0,,27.0,,,Adapté climat France,"ITAB, Calendrier Lunaire 2024"
ITP-PDT-01,Pomme de terre,12.0,12.0,,16.0,26.0,24.0,4.0,4.0,,4.0,100.0,12.0,3.0,1.0,35.0,44.0,40.0,66.0,Plein champ,Pommes de terre primeur,Adapté climat France,"ITAB, Calendrier Lunaire 2024"
ITP-PDT-02,Pomme de terre,16.0,16.0,,20.0,36.0,28.0,6.0,4.0,,4.0,140.0,12.0,3.0,1.0,35.0,44.0,40.0,66.0,Plein champ,PDT de conservation,Adapté climat France,"ITAB, Calendrier Lunaire 2024"
ITP-PER-01,Persil,12.0,12.0,,16.0,20.0,24.0,30.0,4.0,,4.0,60.0,12.0,4.0,3.0,15.0,18.0,20.0,27.0,Plein champ,Persil perpétuel,Adapté climat France,"ITAB, Calendrier Lunaire 2024"
ITP-POI-01,Poivron,6.0,6.0,20.0,10.0,30.0,18.0,8.0,4.0,98.0,4.0,,12.0,2.0,1.0,40.0,57.0,40.0,85.0,Serre,Poivron sous serre,Adapté climat France,"ITAB, Calendrier Lunaire 2024"
ITP-POI-P-01,Pois,8.0,8.0,,12.0,20.0,20.0,4.0,4.0,,4.0,90.0,12.0,4.0,3.0,5.0,15.0,15.0,22.0,Plein champ,Pois précoces,Adapté climat France,"ITAB, Calendrier Lunaire 2024"
ITP-PRX-01,Poireau,8.0,8.0,22.0,12.0,40.0,20.0,20.0,4.0,98.0,4.0,,12.0,4.0,2.0,15.0,20.0,20.0,30.0,Plein champ,Poireau d'hiver,Adapté climat France,"ITAB, Calendrier Lunaire 2024"
ITP-Petit-pois,Petit pois,10.0,10.0,,14.0,22.0,22.0,,4.0,,4.0,85.0,12.0,3.0,3.0,5.0,15.0,,22.0,,,Adapté climat France,"ITAB, Calendrier Lunaire 2024"
ITP-Phacelie,Phacélie,32.0,32.0,,36.0,,44.0,,4.0,,4.0,60.0,12.0,1.0,2.0,2.0,30.0,,45.0,,,Adapté climat France,"ITAB, Calendrier Lunaire 2024"
ITP-Poireau,Poireau,8.0,8.0,22.0,12.0,40.0,20.0,,4.0,98.0,4.0,180.0,12.0,4.0,2.0,12.0,20.0,,30.0,,,Adapté climat France,"ITAB, Calendrier Lunaire 2024"
ITP-Poivron,Poivron,6.0,6.0,20.0,10.0,30.0,18.0,,4.0,98.0,4.0,150.0,12.0,2.0,1.0,45.0,57.0,,85.0,,,Adapté climat France,"ITAB, Calendrier Lunaire 2024"
ITP-Potimarron,Potimarron,16.0,16.0,21.0,20.0,38.0,28.0,,4.0,35.0,4.0,120.0,12.0,1.0,2.0,150.0,30.0,,45.0,,,Adapté climat France,"ITAB, Calendrier Lunaire 2024"
ITP-RAD-01,Radis,10.0,10.0,,14.0,14.0,18.0,2.0,4.0,,4.0,28.0,8.0,8.0,3.0,3.0,11.0,15.0,16.0,Serre,Radis de printemps,Adapté climat France,"ITAB, Calendrier Lunaire 2024"
ITP-RAD-02,Radis,32.0,32.0,,36.0,36.0,40.0,2.0,4.0,,4.0,28.0,8.0,8.0,3.0,3.0,11.0,15.0,16.0,Plein champ,Radis d'automne,Adapté climat France,"ITAB, Calendrier Lunaire 2024"
ITP-Radis,Radis,12.0,12.0,,16.0,16.0,20.0,,4.0,,4.0,30.0,8.0,6.0,3.0,3.0,11.0,,16.0,,,Adapté climat France,"ITAB, Calendrier Lunaire 2024"
ITP-TOM-01,Tomate,8.0,8.0,18.0,12.0,28.0,28.0,12.0,4.0,70.0,4.0,,20.0,2.0,1.0,50.0,63.0,60.0,94.0,Serre,Tomate sous serre - semis précoce,Adapté climat France,"ITAB, Calendrier Lunaire 2024"
ITP-TOM-02,Tomate,12.0,12.0,20.0,16.0,30.0,32.0,10.0,4.0,56.0,4.0,,20.0,2.0,1.0,50.0,63.0,60.0,94.0,Plein champ,Tomate plein champ,Adapté climat France,"ITAB, Calendrier Lunaire 2024"
ITP-Tomate-printemps,Tomate,8.0,8.0,18.0,12.0,28.0,28.0,,4.0,70.0,4.0,150.0,20.0,2.0,1.0,50.0,63.0,,94.0,,,Adapté climat France,"ITAB, Calendrier Lunaire 2024"
ITP-Tomate-tardive,Tomate,12.0,12.0,22.0,16.0,32.0,32.0,,4.0,70.0,4.0,140.0,20.0,2.0,1.0,50.0,63.0,,94.0,,,Adapté climat France,"ITAB, Calendrier Lunaire 2024"
Laitue plant. automne ext,Laitue,33.0,33.0,36.0,37.0,14.0,41.0,7.0,4.0,,4.0,,8.0,,2.0,30.0,28.0,30.0,42.0,Extérieur,En poquet,Adapté climat France,"ITAB, Calendrier Lunaire 2024"
Laitue plant. hiver sous serre,Laitue,40.0,40.0,45.0,44.0,5.0,48.0,1.0,4.0,,4.0,,8.0,,2.0,30.0,28.0,30.0,42.0,Serre,En poquet,Adapté climat France,"ITAB, Calendrier Lunaire 2024"
Laitue plant. printemps,Laitue,14.0,14.0,16.0,18.0,25.0,22.0,2.0,4.0,,4.0,,8.0,,2.0,30.0,28.0,30.0,42.0,Extérieur,En poquet,Adapté climat France,"ITAB, Calendrier Lunaire 2024"
Laitue plant. printemps précoce,Laitue,5.0,5.0,10.0,9.0,20.0,13.0,1.0,4.0,,4.0,,8.0,,2.0,30.0,28.0,30.0,42.0,Extérieur,En poquet,Adapté climat France,"ITAB, Calendrier Lunaire 2024"
Laitue plant. été,Laitue,27.0,27.0,31.0,31.0,36.0,35.0,7.0,4.0,,4.0,,8.0,,2.0,30.0,28.0,30.0,42.0,Extérieur,En poquet,Adapté climat France,"ITAB, Calendrier Lunaire 2024"
Maïs,Maïs,16.0,16.0,,20.0,36.0,28.0,2.0,4.0,,4.0,,12.0,,2.0,25.0,30.0,50.0,45.0,Extérieur,En poquet,Adapté climat France,"ITAB, Calendrier Lunaire 2024"
Melon,Melon,14.0,14.0,20.0,18.0,31.0,26.0,4.0,4.0,,4.0,,12.0,,1.0,100.0,100.0,100.0,150.0,Extérieur,En poquet,Adapté climat France,"ITAB, Calendrier Lunaire 2024"
Mâche d'automne,Mâche,36.0,36.0,,40.0,49.0,48.0,4.0,4.0,,4.0,,12.0,,2.0,8.0,30.0,20.0,45.0,Extérieur,,Adapté climat France,"ITAB, Calendrier Lunaire 2024"
Mâche d'hiver,Mâche,49.0,49.0,5.0,1.0,14.0,9.0,1.0,4.0,,4.0,,12.0,,2.0,8.0,30.0,20.0,45.0,Extérieur,,Adapté climat France,"ITAB, Calendrier Lunaire 2024"
Mâche d'été,Mâche,23.0,23.0,,27.0,36.0,35.0,4.0,4.0,,4.0,,12.0,,2.0,8.0,30.0,20.0,45.0,Extérieur,,Adapté climat France,"ITAB, Calendrier Lunaire 2024"
Mâche de printemps,Mâche,10.0,10.0,,14.0,23.0,22.0,1.0,4.0,,4.0,,12.0,,2.0,8.0,30.0,20.0,45.0,Extérieur,,Adapté climat France,"ITAB, Calendrier Lunaire 2024"
Navet précoce semis printemps,Navet,12.0,12.0,,16.0,20.0,26.0,5.0,4.0,,4.0,,14.0,,2.0,4.0,20.0,20.0,30.0,Extérieur,Semer 1 graine tous les cm puis éclaircir à 4cm.,Adapté climat France,"ITAB, Calendrier Lunaire 2024"
Navet semis automne,Navet,29.0,29.0,,33.0,38.0,43.0,4.0,4.0,,4.0,,14.0,,2.0,4.0,20.0,20.0,30.0,Extérieur,Semer 1 graine tous les cm puis éclaircir à 4cm.,Adapté climat France,"ITAB, Calendrier Lunaire 2024"
Navet semis printemps,Navet,18.0,18.0,,22.0,31.0,32.0,1.0,4.0,,4.0,,14.0,,2.0,4.0,20.0,20.0,30.0,Extérieur,Semer 1 graine tous les cm puis éclaircir à 4cm.,Adapté climat France,"ITAB, Calendrier Lunaire 2024"
Oignon Bulbilles printemps,Oignon,,10.0,5.0,14.0,27.0,22.0,1.0,4.0,,4.0,,12.0,,3.0,10.0,18.0,20.0,27.0,Extérieur,,Adapté climat France,"ITAB, Calendrier Lunaire 2024"
Oignon automne sous serre,Oignon,36.0,36.0,45.0,40.0,14.0,48.0,4.0,4.0,,4.0,,12.0,,3.0,10.0,18.0,20.0,27.0,Serre,,Adapté climat France,"ITAB, Calendrier Lunaire 2024"
Oignon hiver sous serre,Oignon,49.0,49.0,1.0,1.0,10.0,9.0,2.0,4.0,,4.0,,12.0,,3.0,10.0,18.0,20.0,27.0,Serre,,Adapté climat France,"ITAB, Calendrier Lunaire 2024"
Oignon plant. printemps,Oignon,7.0,7.0,20.0,11.0,33.0,19.0,1.0,4.0,,4.0,,12.0,,3.0,10.0,18.0,20.0,27.0,Extérieur,,Adapté climat France,"ITAB, Calendrier Lunaire 2024"
Origan,Origan,10.0,10.0,18.0,14.0,21.0,22.0,21.0,4.0,,4.0,,12.0,,2.0,10.0,40.0,50.0,60.0,,,Adapté climat France,"ITAB, Calendrier Lunaire 2024"
Panais,Panais,14.0,14.0,,18.0,31.0,26.0,9.0,4.0,,4.0,,12.0,,2.0,15.0,25.0,30.0,37.0,Extérieur,Semer 1 graine tous les 2cm puis éclaircir à 15cm.,Adapté climat France,"ITAB, Calendrier Lunaire 2024"
Patate douce par bouturage,Patate douce,45.0,45.0,20.0,49.0,42.0,5.0,1.0,4.0,,4.0,,12.0,,1.0,40.0,50.0,80.0,75.0,Extérieur,,Adapté climat France,"ITAB, Calendrier Lunaire 2024"
Persil,Persil,10.0,10.0,,14.0,18.0,22.0,10.0,4.0,,4.0,,12.0,,3.0,8.0,18.0,25.0,27.0,Extérieur,Semer 1 graine tous les cm puis éclaircir en récoltant,Adapté climat France,"ITAB, Calendrier Lunaire 2024"
Physalis,Physalis,10.0,10.0,18.0,14.0,31.0,22.0,9.0,4.0,,4.0,,12.0,,2.0,100.0,30.0,90.0,45.0,Extérieur,,Adapté climat France,"ITAB, Calendrier Lunaire 2024"
Poireau plant. d'automne,Poireau,31.0,31.0,38.0,35.0,16.0,43.0,5.0,4.0,,4.0,,12.0,,2.0,12.0,20.0,20.0,30.0,Extérieur,,Adapté climat France,"ITAB, Calendrier Lunaire 2024"
Poireau plant. printemps,Poireau,12.0,12.0,23.0,16.0,40.0,24.0,7.0,4.0,,4.0,,12.0,,2.0,12.0,20.0,20.0,30.0,Extérieur,,Adapté climat France,"ITAB, Calendrier Lunaire 2024"
Poireau précoce,Poireau,7.0,7.0,18.0,11.0,29.0,19.0,11.0,4.0,,4.0,,12.0,,2.0,12.0,20.0,20.0,30.0,Extérieur,,Adapté climat France,"ITAB, Calendrier Lunaire 2024"
Pois semis automne,Pois,42.0,42.0,,46.0,14.0,2.0,2.0,4.0,,4.0,,12.0,,3.0,3.0,15.0,50.0,22.0,,,Adapté climat France,"ITAB, Calendrier Lunaire 2024"
Pois semis printemps,Pois,7.0,7.0,,11.0,22.0,19.0,1.0,4.0,,4.0,,12.0,,3.0,3.0,15.0,50.0,22.0,,,Adapté climat France,"ITAB, Calendrier Lunaire 2024"
Poivron piment ext,Poivron piment,10.0,10.0,20.0,14.0,33.0,22.0,7.0,4.0,,4.0,,12.0,,1.0,60.0,50.0,50.0,75.0,Extérieur,,Adapté climat France,"ITAB, Calendrier Lunaire 2024"
Poivron piment serre,Poivron piment,7.0,7.0,18.0,11.0,29.0,19.0,11.0,4.0,,4.0,,12.0,,1.0,60.0,50.0,50.0,75.0,Serre,,Adapté climat France,"ITAB, Calendrier Lunaire 2024"
Pomme de terre hative,Pomme de terre,,12.0,10.0,16.0,23.0,24.0,2.0,4.0,,4.0,,12.0,,1.0,40.0,44.0,90.0,66.0,Extérieur,,Adapté climat France,"ITAB, Calendrier Lunaire 2024"
Pomme de terre tardive,Pomme de terre,,12.0,10.0,16.0,27.0,24.0,3.0,4.0,,4.0,,12.0,,1.0,40.0,44.0,90.0,66.0,Extérieur,,Adapté climat France,"ITAB, Calendrier Lunaire 2024"
Potiron,Potiron,16.0,16.0,20.0,20.0,40.0,28.0,1.0,4.0,,4.0,,12.0,,1.0,150.0,141.0,150.0,211.0,Extérieur,En poquet,Adapté climat France,"ITAB, Calendrier Lunaire 2024"
Radis d'hiver,Radis noir,31.0,31.0,,35.0,45.0,39.0,8.0,4.0,,4.0,,8.0,,2.0,12.0,22.0,25.0,33.0,Extérieur,En poquet,Adapté climat France,"ITAB, Calendrier Lunaire 2024"
Radis d'été,Radis,18.0,18.0,,22.0,25.0,26.0,4.0,4.0,,4.0,,8.0,,3.0,4.0,11.0,20.0,16.0,Extérieur,,Adapté climat France,"ITAB, Calendrier Lunaire 2024"
Ricin,Ricin,10.0,10.0,14.0,14.0,47.0,22.0,,4.0,,4.0,,12.0,,1.0,300.0,100.0,150.0,150.0,,,Adapté climat France,"ITAB, Calendrier Lunaire 2024"
Roquette,Roquette,10.0,10.0,,14.0,18.0,22.0,1.0,4.0,,4.0,,12.0,,3.0,4.0,14.0,20.0,21.0,Extérieur,,Adapté climat France,"ITAB, Calendrier Lunaire 2024"
Salsifis,Salsifis,12.0,12.0,,16.0,40.0,24.0,20.0,4.0,,4.0,,12.0,,2.0,12.0,22.0,25.0,33.0,,Semer 1 graine tous les 3cm puis éclaircir à 12cm.,Adapté climat France,"ITAB, Calendrier Lunaire 2024"
Sarriette,Sarriette,12.0,12.0,18.0,16.0,21.0,24.0,22.0,4.0,,4.0,,12.0,,2.0,30.0,31.0,50.0,46.0,Serre,,Adapté climat France,"ITAB, Calendrier Lunaire 2024"
Souci semis automne,Souci,36.0,36.0,,40.0,14.0,48.0,10.0,4.0,,4.0,,12.0,,2.0,25.0,31.0,50.0,46.0,,,Adapté climat France,"ITAB, Calendrier Lunaire 2024"
Souci semis printemps,Souci,9.0,9.0,,13.0,23.0,21.0,12.0,4.0,,4.0,,12.0,,2.0,25.0,31.0,50.0,46.0,,,Adapté climat France,"ITAB, Calendrier Lunaire 2024"
Tagètes,Tagètes,14.0,14.0,,18.0,45.0,26.0,,4.0,,4.0,,12.0,,2.0,20.0,30.0,30.0,45.0,,,Adapté climat France,"ITAB, Calendrier Lunaire 2024"
Tomate hative ext,Tomate,10.0,10.0,18.0,14.0,29.0,30.0,8.0,4.0,,4.0,,20.0,,1.0,75.0,63.0,50.0,94.0,Extérieur,,Adapté climat France,"ITAB, Calendrier Lunaire 2024"
Tomate hative serre,Tomate,7.0,7.0,16.0,11.0,25.0,27.0,13.0,4.0,,4.0,,20.0,,1.0,75.0,63.0,50.0,94.0,Serre,,Adapté climat France,"ITAB, Calendrier Lunaire 2024"
Tomate tardive,Tomate,14.0,14.0,23.0,18.0,36.0,34.0,5.0,4.0,,4.0,,20.0,,1.0,75.0,63.0,50.0,94.0,,,Adapté climat France,"ITAB, Calendrier Lunaire 2024"
Topinambour,Topinambour,,12.0,1.0,16.0,45.0,24.0,8.0,4.0,,4.0,,12.0,,1.0,70.0,50.0,40.0,75.0,Extérieur,,Adapté climat France,"ITAB, Calendrier Lunaire 2024"
Tournesol,Tournesol,19.0,19.0,,23.0,36.0,31.0,3.0,4.0,,4.0,,12.0,,2.0,30.0,40.0,50.0,60.0,,,Adapté climat France,"ITAB, Calendrier Lunaire 2024"
